<?xml version="1.0" encoding="UTF-8"?><feed><pagination><page>11</page><per_page>10</per_page><total_pages>24</total_pages><total_items>232</total_items></pagination><properties><property><property_information><id></id><property_type></property_type><situation></situation><sub_type></sub_type><property_refrence>IMPL172725745169</property_refrence><name></name><bedrooms>2</bedrooms><bathrooms>1</bathrooms><status_completion></status_completion><year></year><description></description><feeds></feeds></property_information><property_pricing><listed_as></listed_as><sale_price>89999</sale_price><percentage></percentage><commission></commission><net_price>89999</net_price><list_agent_per></list_agent_per><list_agent_com></list_agent_com><sell_agent_per></sell_agent_per><sell_agent_com></sell_agent_com><valuation></valuation><valuation_year></valuation_year><deed_value></deed_value><minimum_price></minimum_price><community_fees></community_fees><garbage_tax></garbage_tax><ibi_fees></ibi_fees><commission_notes></commission_notes></property_pricing><property_location><street_number></street_number><street_name></street_name><city></city><state></state><country></country><postcode></postcode><address></address></property_location><property_dimensions><dimension_type></dimension_type><total_size></total_size><floor_no></floor_no><built></built><storeys></storeys><no_of_properties_bultin></no_of_properties_bultin><terrace></terrace><levels></levels><agency_ref></agency_ref><garden></garden><int_floor_space></int_floor_space><co2_emissions></co2_emissions><letter_emission></letter_emission><energy_consumption></energy_consumption><letter_consumption></letter_consumption></property_dimensions><document_info><file></file><long_term_ref></long_term_ref><rental_license_ref></rental_license_ref><nota_simple></nota_simple><ibi_receipt></ibi_receipt><first_occupancy_license_aFO></first_occupancy_license_aFO></document_info><company_info><company_name></company_name><company_email></company_email><company_mobile></company_mobile><tax_number></tax_number><company_website></company_website><company_address></company_address></company_info><property_media_tour><cover_image>11968</cover_image><properties_images></properties_images><virtual_tour></virtual_tour><video_tour></video_tour></property_media_tour><property_feature><settings></settings><orientation></orientation><condition></condition><pool></pool><climate_control></climate_control><views></views><features></features><furniture></furniture><kitchen></kitchen><garden></garden><security></security><parking></parking><utilities></utilities><category></category></property_feature><contact_information><owner_one></owner_one><owner_two></owner_two><Key_holder></Key_holder><developer></developer><key_status></key_status><Key_id></Key_id><key_details></key_details><private_note></private_note><lawyer></lawyer></contact_information><open_for_collabration><To_Collabrate></To_Collabrate></open_for_collabration></property><property><property_information><id></id><property_type></property_type><situation></situation><sub_type></sub_type><property_refrence>IMPL172725745170</property_refrence><name></name><bedrooms></bedrooms><bathrooms></bathrooms><status_completion></status_completion><year></year><description></description><feeds></feeds></property_information><property_pricing><listed_as></listed_as><sale_price>75900</sale_price><percentage></percentage><commission></commission><net_price>75900</net_price><list_agent_per></list_agent_per><list_agent_com></list_agent_com><sell_agent_per></sell_agent_per><sell_agent_com></sell_agent_com><valuation></valuation><valuation_year></valuation_year><deed_value></deed_value><minimum_price></minimum_price><community_fees></community_fees><garbage_tax></garbage_tax><ibi_fees></ibi_fees><commission_notes></commission_notes></property_pricing><property_location><street_number></street_number><street_name></street_name><city></city><state></state><country></country><postcode></postcode><address></address></property_location><property_dimensions><dimension_type></dimension_type><total_size></total_size><floor_no></floor_no><built></built><storeys></storeys><no_of_properties_bultin></no_of_properties_bultin><terrace></terrace><levels></levels><agency_ref></agency_ref><garden></garden><int_floor_space></int_floor_space><co2_emissions></co2_emissions><letter_emission></letter_emission><energy_consumption></energy_consumption><letter_consumption></letter_consumption></property_dimensions><document_info><file></file><long_term_ref></long_term_ref><rental_license_ref></rental_license_ref><nota_simple></nota_simple><ibi_receipt></ibi_receipt><first_occupancy_license_aFO></first_occupancy_license_aFO></document_info><company_info><company_name></company_name><company_email></company_email><company_mobile></company_mobile><tax_number></tax_number><company_website></company_website><company_address></company_address></company_info><property_media_tour><cover_image>12019</cover_image><properties_images></properties_images><virtual_tour></virtual_tour><video_tour></video_tour></property_media_tour><property_feature><settings></settings><orientation></orientation><condition></condition><pool></pool><climate_control></climate_control><views></views><features></features><furniture></furniture><kitchen></kitchen><garden></garden><security></security><parking></parking><utilities></utilities><category></category></property_feature><contact_information><owner_one></owner_one><owner_two></owner_two><Key_holder></Key_holder><developer></developer><key_status></key_status><Key_id></Key_id><key_details></key_details><private_note></private_note><lawyer></lawyer></contact_information><open_for_collabration><To_Collabrate></To_Collabrate></open_for_collabration></property><property><property_information><id></id><property_type></property_type><situation></situation><sub_type></sub_type><property_refrence>IMPL172725745171</property_refrence><name></name><bedrooms>2</bedrooms><bathrooms>1</bathrooms><status_completion></status_completion><year></year><description></description><feeds></feeds></property_information><property_pricing><listed_as></listed_as><sale_price>75000</sale_price><percentage></percentage><commission></commission><net_price>75000</net_price><list_agent_per></list_agent_per><list_agent_com></list_agent_com><sell_agent_per></sell_agent_per><sell_agent_com></sell_agent_com><valuation></valuation><valuation_year></valuation_year><deed_value></deed_value><minimum_price></minimum_price><community_fees></community_fees><garbage_tax></garbage_tax><ibi_fees></ibi_fees><commission_notes></commission_notes></property_pricing><property_location><street_number></street_number><street_name></street_name><city></city><state></state><country></country><postcode></postcode><address></address></property_location><property_dimensions><dimension_type></dimension_type><total_size></total_size><floor_no></floor_no><built></built><storeys></storeys><no_of_properties_bultin></no_of_properties_bultin><terrace></terrace><levels></levels><agency_ref></agency_ref><garden></garden><int_floor_space></int_floor_space><co2_emissions></co2_emissions><letter_emission></letter_emission><energy_consumption></energy_consumption><letter_consumption></letter_consumption></property_dimensions><document_info><file></file><long_term_ref></long_term_ref><rental_license_ref></rental_license_ref><nota_simple></nota_simple><ibi_receipt></ibi_receipt><first_occupancy_license_aFO></first_occupancy_license_aFO></document_info><company_info><company_name></company_name><company_email></company_email><company_mobile></company_mobile><tax_number></tax_number><company_website></company_website><company_address></company_address></company_info><property_media_tour><cover_image>11965</cover_image><properties_images></properties_images><virtual_tour></virtual_tour><video_tour></video_tour></property_media_tour><property_feature><settings></settings><orientation></orientation><condition></condition><pool></pool><climate_control></climate_control><views></views><features></features><furniture></furniture><kitchen></kitchen><garden></garden><security></security><parking></parking><utilities></utilities><category></category></property_feature><contact_information><owner_one></owner_one><owner_two></owner_two><Key_holder></Key_holder><developer></developer><key_status></key_status><Key_id></Key_id><key_details></key_details><private_note></private_note><lawyer></lawyer></contact_information><open_for_collabration><To_Collabrate></To_Collabrate></open_for_collabration></property><property><property_information><id></id><property_type></property_type><situation></situation><sub_type></sub_type><property_refrence>IMPL172725745172</property_refrence><name></name><bedrooms></bedrooms><bathrooms></bathrooms><status_completion></status_completion><year></year><description></description><feeds></feeds></property_information><property_pricing><listed_as></listed_as><sale_price>112500</sale_price><percentage></percentage><commission></commission><net_price>112500</net_price><list_agent_per></list_agent_per><list_agent_com></list_agent_com><sell_agent_per></sell_agent_per><sell_agent_com></sell_agent_com><valuation></valuation><valuation_year></valuation_year><deed_value></deed_value><minimum_price></minimum_price><community_fees></community_fees><garbage_tax></garbage_tax><ibi_fees></ibi_fees><commission_notes></commission_notes></property_pricing><property_location><street_number></street_number><street_name></street_name><city></city><state></state><country></country><postcode></postcode><address></address></property_location><property_dimensions><dimension_type></dimension_type><total_size></total_size><floor_no></floor_no><built></built><storeys></storeys><no_of_properties_bultin></no_of_properties_bultin><terrace></terrace><levels></levels><agency_ref></agency_ref><garden></garden><int_floor_space></int_floor_space><co2_emissions></co2_emissions><letter_emission></letter_emission><energy_consumption></energy_consumption><letter_consumption></letter_consumption></property_dimensions><document_info><file></file><long_term_ref></long_term_ref><rental_license_ref></rental_license_ref><nota_simple></nota_simple><ibi_receipt></ibi_receipt><first_occupancy_license_aFO></first_occupancy_license_aFO></document_info><company_info><company_name></company_name><company_email></company_email><company_mobile></company_mobile><tax_number></tax_number><company_website></company_website><company_address></company_address></company_info><property_media_tour><cover_image>11942</cover_image><properties_images></properties_images><virtual_tour></virtual_tour><video_tour></video_tour></property_media_tour><property_feature><settings></settings><orientation></orientation><condition></condition><pool></pool><climate_control></climate_control><views></views><features></features><furniture></furniture><kitchen></kitchen><garden></garden><security></security><parking></parking><utilities></utilities><category></category></property_feature><contact_information><owner_one></owner_one><owner_two></owner_two><Key_holder></Key_holder><developer></developer><key_status></key_status><Key_id></Key_id><key_details></key_details><private_note></private_note><lawyer></lawyer></contact_information><open_for_collabration><To_Collabrate></To_Collabrate></open_for_collabration></property><property><property_information><id></id><property_type></property_type><situation></situation><sub_type></sub_type><property_refrence>IMPL172725745173</property_refrence><name></name><bedrooms>2</bedrooms><bathrooms>1</bathrooms><status_completion></status_completion><year></year><description></description><feeds></feeds></property_information><property_pricing><listed_as></listed_as><sale_price>135000</sale_price><percentage></percentage><commission></commission><net_price>135000</net_price><list_agent_per></list_agent_per><list_agent_com></list_agent_com><sell_agent_per></sell_agent_per><sell_agent_com></sell_agent_com><valuation></valuation><valuation_year></valuation_year><deed_value></deed_value><minimum_price></minimum_price><community_fees></community_fees><garbage_tax></garbage_tax><ibi_fees></ibi_fees><commission_notes></commission_notes></property_pricing><property_location><street_number></street_number><street_name></street_name><city></city><state></state><country></country><postcode></postcode><address></address></property_location><property_dimensions><dimension_type></dimension_type><total_size></total_size><floor_no></floor_no><built></built><storeys></storeys><no_of_properties_bultin></no_of_properties_bultin><terrace></terrace><levels></levels><agency_ref></agency_ref><garden></garden><int_floor_space></int_floor_space><co2_emissions></co2_emissions><letter_emission></letter_emission><energy_consumption></energy_consumption><letter_consumption></letter_consumption></property_dimensions><document_info><file></file><long_term_ref></long_term_ref><rental_license_ref></rental_license_ref><nota_simple></nota_simple><ibi_receipt></ibi_receipt><first_occupancy_license_aFO></first_occupancy_license_aFO></document_info><company_info><company_name></company_name><company_email></company_email><company_mobile></company_mobile><tax_number></tax_number><company_website></company_website><company_address></company_address></company_info><property_media_tour><cover_image>11948</cover_image><properties_images></properties_images><virtual_tour></virtual_tour><video_tour></video_tour></property_media_tour><property_feature><settings></settings><orientation></orientation><condition></condition><pool></pool><climate_control></climate_control><views></views><features></features><furniture></furniture><kitchen></kitchen><garden></garden><security></security><parking></parking><utilities></utilities><category></category></property_feature><contact_information><owner_one></owner_one><owner_two></owner_two><Key_holder></Key_holder><developer></developer><key_status></key_status><Key_id></Key_id><key_details></key_details><private_note></private_note><lawyer></lawyer></contact_information><open_for_collabration><To_Collabrate></To_Collabrate></open_for_collabration></property><property><property_information><id></id><property_type></property_type><situation></situation><sub_type></sub_type><property_refrence>IMPL172725745174</property_refrence><name></name><bedrooms>2</bedrooms><bathrooms>2</bathrooms><status_completion></status_completion><year></year><description></description><feeds></feeds></property_information><property_pricing><listed_as></listed_as><sale_price>135000</sale_price><percentage></percentage><commission></commission><net_price>135000</net_price><list_agent_per></list_agent_per><list_agent_com></list_agent_com><sell_agent_per></sell_agent_per><sell_agent_com></sell_agent_com><valuation></valuation><valuation_year></valuation_year><deed_value></deed_value><minimum_price></minimum_price><community_fees></community_fees><garbage_tax></garbage_tax><ibi_fees></ibi_fees><commission_notes></commission_notes></property_pricing><property_location><street_number></street_number><street_name></street_name><city></city><state></state><country></country><postcode></postcode><address></address></property_location><property_dimensions><dimension_type></dimension_type><total_size></total_size><floor_no></floor_no><built></built><storeys></storeys><no_of_properties_bultin></no_of_properties_bultin><terrace></terrace><levels></levels><agency_ref></agency_ref><garden></garden><int_floor_space></int_floor_space><co2_emissions></co2_emissions><letter_emission></letter_emission><energy_consumption></energy_consumption><letter_consumption></letter_consumption></property_dimensions><document_info><file></file><long_term_ref></long_term_ref><rental_license_ref></rental_license_ref><nota_simple></nota_simple><ibi_receipt></ibi_receipt><first_occupancy_license_aFO></first_occupancy_license_aFO></document_info><company_info><company_name></company_name><company_email></company_email><company_mobile></company_mobile><tax_number></tax_number><company_website></company_website><company_address></company_address></company_info><property_media_tour><cover_image>11960</cover_image><properties_images></properties_images><virtual_tour></virtual_tour><video_tour></video_tour></property_media_tour><property_feature><settings></settings><orientation></orientation><condition></condition><pool></pool><climate_control></climate_control><views></views><features></features><furniture></furniture><kitchen></kitchen><garden></garden><security></security><parking></parking><utilities></utilities><category></category></property_feature><contact_information><owner_one></owner_one><owner_two></owner_two><Key_holder></Key_holder><developer></developer><key_status></key_status><Key_id></Key_id><key_details></key_details><private_note></private_note><lawyer></lawyer></contact_information><open_for_collabration><To_Collabrate></To_Collabrate></open_for_collabration></property><property><property_information><id></id><property_type></property_type><situation></situation><sub_type></sub_type><property_refrence>IMPL172725745175</property_refrence><name></name><bedrooms>4</bedrooms><bathrooms>4</bathrooms><status_completion></status_completion><year></year><description></description><feeds></feeds></property_information><property_pricing><listed_as></listed_as><sale_price>525000</sale_price><percentage></percentage><commission></commission><net_price>525000</net_price><list_agent_per></list_agent_per><list_agent_com></list_agent_com><sell_agent_per></sell_agent_per><sell_agent_com></sell_agent_com><valuation></valuation><valuation_year></valuation_year><deed_value></deed_value><minimum_price></minimum_price><community_fees></community_fees><garbage_tax></garbage_tax><ibi_fees></ibi_fees><commission_notes></commission_notes></property_pricing><property_location><street_number></street_number><street_name></street_name><city></city><state></state><country></country><postcode></postcode><address></address></property_location><property_dimensions><dimension_type></dimension_type><total_size></total_size><floor_no></floor_no><built></built><storeys></storeys><no_of_properties_bultin></no_of_properties_bultin><terrace></terrace><levels></levels><agency_ref></agency_ref><garden></garden><int_floor_space></int_floor_space><co2_emissions></co2_emissions><letter_emission></letter_emission><energy_consumption></energy_consumption><letter_consumption></letter_consumption></property_dimensions><document_info><file></file><long_term_ref></long_term_ref><rental_license_ref></rental_license_ref><nota_simple></nota_simple><ibi_receipt></ibi_receipt><first_occupancy_license_aFO></first_occupancy_license_aFO></document_info><company_info><company_name></company_name><company_email></company_email><company_mobile></company_mobile><tax_number></tax_number><company_website></company_website><company_address></company_address></company_info><property_media_tour><cover_image>11965</cover_image><properties_images></properties_images><virtual_tour></virtual_tour><video_tour></video_tour></property_media_tour><property_feature><settings></settings><orientation></orientation><condition></condition><pool></pool><climate_control></climate_control><views></views><features></features><furniture></furniture><kitchen></kitchen><garden></garden><security></security><parking></parking><utilities></utilities><category></category></property_feature><contact_information><owner_one></owner_one><owner_two></owner_two><Key_holder></Key_holder><developer></developer><key_status></key_status><Key_id></Key_id><key_details></key_details><private_note></private_note><lawyer></lawyer></contact_information><open_for_collabration><To_Collabrate></To_Collabrate></open_for_collabration></property><property><property_information><id></id><property_type></property_type><situation></situation><sub_type></sub_type><property_refrence>IMPL172725745176</property_refrence><name></name><bedrooms>3</bedrooms><bathrooms>2</bathrooms><status_completion></status_completion><year></year><description></description><feeds></feeds></property_information><property_pricing><listed_as></listed_as><sale_price>159000</sale_price><percentage></percentage><commission></commission><net_price>159000</net_price><list_agent_per></list_agent_per><list_agent_com></list_agent_com><sell_agent_per></sell_agent_per><sell_agent_com></sell_agent_com><valuation></valuation><valuation_year></valuation_year><deed_value></deed_value><minimum_price></minimum_price><community_fees></community_fees><garbage_tax></garbage_tax><ibi_fees></ibi_fees><commission_notes></commission_notes></property_pricing><property_location><street_number></street_number><street_name></street_name><city></city><state></state><country></country><postcode></postcode><address></address></property_location><property_dimensions><dimension_type></dimension_type><total_size></total_size><floor_no></floor_no><built></built><storeys></storeys><no_of_properties_bultin></no_of_properties_bultin><terrace></terrace><levels></levels><agency_ref></agency_ref><garden></garden><int_floor_space></int_floor_space><co2_emissions></co2_emissions><letter_emission></letter_emission><energy_consumption></energy_consumption><letter_consumption></letter_consumption></property_dimensions><document_info><file></file><long_term_ref></long_term_ref><rental_license_ref></rental_license_ref><nota_simple></nota_simple><ibi_receipt></ibi_receipt><first_occupancy_license_aFO></first_occupancy_license_aFO></document_info><company_info><company_name></company_name><company_email></company_email><company_mobile></company_mobile><tax_number></tax_number><company_website></company_website><company_address></company_address></company_info><property_media_tour><cover_image>11960</cover_image><properties_images></properties_images><virtual_tour></virtual_tour><video_tour></video_tour></property_media_tour><property_feature><settings></settings><orientation></orientation><condition></condition><pool></pool><climate_control></climate_control><views></views><features></features><furniture></furniture><kitchen></kitchen><garden></garden><security></security><parking></parking><utilities></utilities><category></category></property_feature><contact_information><owner_one></owner_one><owner_two></owner_two><Key_holder></Key_holder><developer></developer><key_status></key_status><Key_id></Key_id><key_details></key_details><private_note></private_note><lawyer></lawyer></contact_information><open_for_collabration><To_Collabrate></To_Collabrate></open_for_collabration></property><property><property_information><id></id><property_type></property_type><situation></situation><sub_type></sub_type><property_refrence>IMPL172725745177</property_refrence><name></name><bedrooms>3</bedrooms><bathrooms>2</bathrooms><status_completion></status_completion><year></year><description></description><feeds></feeds></property_information><property_pricing><listed_as></listed_as><sale_price>161000</sale_price><percentage></percentage><commission></commission><net_price>161000</net_price><list_agent_per></list_agent_per><list_agent_com></list_agent_com><sell_agent_per></sell_agent_per><sell_agent_com></sell_agent_com><valuation></valuation><valuation_year></valuation_year><deed_value></deed_value><minimum_price></minimum_price><community_fees></community_fees><garbage_tax></garbage_tax><ibi_fees></ibi_fees><commission_notes></commission_notes></property_pricing><property_location><street_number></street_number><street_name></street_name><city></city><state></state><country></country><postcode></postcode><address></address></property_location><property_dimensions><dimension_type></dimension_type><total_size></total_size><floor_no></floor_no><built></built><storeys></storeys><no_of_properties_bultin></no_of_properties_bultin><terrace></terrace><levels></levels><agency_ref></agency_ref><garden></garden><int_floor_space></int_floor_space><co2_emissions></co2_emissions><letter_emission></letter_emission><energy_consumption></energy_consumption><letter_consumption></letter_consumption></property_dimensions><document_info><file></file><long_term_ref></long_term_ref><rental_license_ref></rental_license_ref><nota_simple></nota_simple><ibi_receipt></ibi_receipt><first_occupancy_license_aFO></first_occupancy_license_aFO></document_info><company_info><company_name></company_name><company_email></company_email><company_mobile></company_mobile><tax_number></tax_number><company_website></company_website><company_address></company_address></company_info><property_media_tour><cover_image>11947</cover_image><properties_images></properties_images><virtual_tour></virtual_tour><video_tour></video_tour></property_media_tour><property_feature><settings></settings><orientation></orientation><condition></condition><pool></pool><climate_control></climate_control><views></views><features></features><furniture></furniture><kitchen></kitchen><garden></garden><security></security><parking></parking><utilities></utilities><category></category></property_feature><contact_information><owner_one></owner_one><owner_two></owner_two><Key_holder></Key_holder><developer></developer><key_status></key_status><Key_id></Key_id><key_details></key_details><private_note></private_note><lawyer></lawyer></contact_information><open_for_collabration><To_Collabrate></To_Collabrate></open_for_collabration></property><property><property_information><id></id><property_type></property_type><situation></situation><sub_type></sub_type><property_refrence>IMPL172725745178</property_refrence><name></name><bedrooms>5</bedrooms><bathrooms>4</bathrooms><status_completion></status_completion><year></year><description></description><feeds></feeds></property_information><property_pricing><listed_as></listed_as><sale_price>315000</sale_price><percentage></percentage><commission></commission><net_price>315000</net_price><list_agent_per></list_agent_per><list_agent_com></list_agent_com><sell_agent_per></sell_agent_per><sell_agent_com></sell_agent_com><valuation></valuation><valuation_year></valuation_year><deed_value></deed_value><minimum_price></minimum_price><community_fees></community_fees><garbage_tax></garbage_tax><ibi_fees></ibi_fees><commission_notes></commission_notes></property_pricing><property_location><street_number></street_number><street_name></street_name><city></city><state></state><country></country><postcode></postcode><address></address></property_location><property_dimensions><dimension_type></dimension_type><total_size></total_size><floor_no></floor_no><built></built><storeys></storeys><no_of_properties_bultin></no_of_properties_bultin><terrace></terrace><levels></levels><agency_ref></agency_ref><garden></garden><int_floor_space></int_floor_space><co2_emissions></co2_emissions><letter_emission></letter_emission><energy_consumption></energy_consumption><letter_consumption></letter_consumption></property_dimensions><document_info><file></file><long_term_ref></long_term_ref><rental_license_ref></rental_license_ref><nota_simple></nota_simple><ibi_receipt></ibi_receipt><first_occupancy_license_aFO></first_occupancy_license_aFO></document_info><company_info><company_name></company_name><company_email></company_email><company_mobile></company_mobile><tax_number></tax_number><company_website></company_website><company_address></company_address></company_info><property_media_tour><cover_image>11947</cover_image><properties_images></properties_images><virtual_tour></virtual_tour><video_tour></video_tour></property_media_tour><property_feature><settings></settings><orientation></orientation><condition></condition><pool></pool><climate_control></climate_control><views></views><features></features><furniture></furniture><kitchen></kitchen><garden></garden><security></security><parking></parking><utilities></utilities><category></category></property_feature><contact_information><owner_one></owner_one><owner_two></owner_two><Key_holder></Key_holder><developer></developer><key_status></key_status><Key_id></Key_id><key_details></key_details><private_note></private_note><lawyer></lawyer></contact_information><open_for_collabration><To_Collabrate></To_Collabrate></open_for_collabration></property></properties></feed>