<?xml version="1.0" encoding="UTF-8"?><feed><pagination><page>1</page><per_page>10</per_page><total_pages>24</total_pages><total_items>232</total_items></pagination><properties><property><property_information><id>43</id><property_type></property_type><situation></situation><sub_type></sub_type><property_refrence>VL-2305</property_refrence><name>Tranquil Meadows</name><bedrooms></bedrooms><bathrooms></bathrooms><status_completion></status_completion><year>2026</year><description>Spacious vacant land ideal for residential development.</description><feeds></feeds></property_information><property_pricing><listed_as></listed_as><sale_price>3000000</sale_price><percentage></percentage><commission></commission><net_price>3000000</net_price><list_agent_per></list_agent_per><list_agent_com></list_agent_com><sell_agent_per></sell_agent_per><sell_agent_com></sell_agent_com><valuation></valuation><valuation_year></valuation_year><deed_value></deed_value><minimum_price></minimum_price><community_fees></community_fees><garbage_tax></garbage_tax><ibi_fees></ibi_fees><commission_notes></commission_notes></property_pricing><property_location><street_number></street_number><street_name></street_name><city></city><state></state><country></country><postcode>29006</postcode><address>19 Avenida de Andalucía, Málaga, 29006, Spain</address></property_location><property_dimensions><dimension_type></dimension_type><total_size></total_size><floor_no></floor_no><built></built><storeys></storeys><no_of_properties_bultin></no_of_properties_bultin><terrace></terrace><levels></levels><agency_ref></agency_ref><garden></garden><int_floor_space></int_floor_space><co2_emissions></co2_emissions><letter_emission></letter_emission><energy_consumption></energy_consumption><letter_consumption></letter_consumption></property_dimensions><document_info><file></file><long_term_ref></long_term_ref><rental_license_ref></rental_license_ref><nota_simple></nota_simple><ibi_receipt></ibi_receipt><first_occupancy_license_aFO></first_occupancy_license_aFO></document_info><company_info><company_name></company_name><company_email></company_email><company_mobile></company_mobile><tax_number></tax_number><company_website></company_website><company_address></company_address></company_info><property_media_tour><cover_image></cover_image><properties_images></properties_images><virtual_tour></virtual_tour><video_tour></video_tour></property_media_tour><property_feature><settings></settings><orientation></orientation><condition></condition><pool></pool><climate_control></climate_control><views></views><features></features><furniture></furniture><kitchen></kitchen><garden></garden><security></security><parking></parking><utilities></utilities><category></category></property_feature><contact_information><owner_one></owner_one><owner_two></owner_two><Key_holder></Key_holder><developer></developer><key_status></key_status><Key_id></Key_id><key_details></key_details><private_note></private_note><lawyer></lawyer></contact_information><open_for_collabration><To_Collabrate></To_Collabrate></open_for_collabration></property><property><property_information><id>47</id><property_type></property_type><situation></situation><sub_type></sub_type><property_refrence>RP-2709</property_refrence><name>Pine Ridge Estates</name><bedrooms></bedrooms><bathrooms></bathrooms><status_completion></status_completion><year>2025</year><description>Desirable residential plot in a tranquil mountain setting.</description><feeds></feeds></property_information><property_pricing><listed_as></listed_as><sale_price>3000000</sale_price><percentage></percentage><commission></commission><net_price>3000000</net_price><list_agent_per></list_agent_per><list_agent_com></list_agent_com><sell_agent_per></sell_agent_per><sell_agent_com></sell_agent_com><valuation></valuation><valuation_year></valuation_year><deed_value></deed_value><minimum_price></minimum_price><community_fees></community_fees><garbage_tax></garbage_tax><ibi_fees></ibi_fees><commission_notes></commission_notes></property_pricing><property_location><street_number></street_number><street_name></street_name><city></city><state></state><country></country><postcode>29006</postcode><address>19 Avenida de Andalucía, Málaga, 29006, Spain</address></property_location><property_dimensions><dimension_type></dimension_type><total_size></total_size><floor_no></floor_no><built></built><storeys></storeys><no_of_properties_bultin></no_of_properties_bultin><terrace></terrace><levels></levels><agency_ref></agency_ref><garden></garden><int_floor_space></int_floor_space><co2_emissions></co2_emissions><letter_emission></letter_emission><energy_consumption></energy_consumption><letter_consumption></letter_consumption></property_dimensions><document_info><file></file><long_term_ref></long_term_ref><rental_license_ref></rental_license_ref><nota_simple></nota_simple><ibi_receipt></ibi_receipt><first_occupancy_license_aFO></first_occupancy_license_aFO></document_info><company_info><company_name></company_name><company_email></company_email><company_mobile></company_mobile><tax_number></tax_number><company_website></company_website><company_address></company_address></company_info><property_media_tour><cover_image></cover_image><properties_images></properties_images><virtual_tour></virtual_tour><video_tour></video_tour></property_media_tour><property_feature><settings></settings><orientation></orientation><condition></condition><pool></pool><climate_control></climate_control><views></views><features></features><furniture></furniture><kitchen></kitchen><garden></garden><security></security><parking></parking><utilities></utilities><category></category></property_feature><contact_information><owner_one></owner_one><owner_two></owner_two><Key_holder></Key_holder><developer></developer><key_status></key_status><Key_id></Key_id><key_details></key_details><private_note></private_note><lawyer></lawyer></contact_information><open_for_collabration><To_Collabrate></To_Collabrate></open_for_collabration></property><property><property_information><id>46</id><property_type></property_type><situation></situation><sub_type></sub_type><property_refrence>RH-2608</property_refrence><name>Cedar Creek Ranch</name><bedrooms>6</bedrooms><bathrooms></bathrooms><status_completion></status_completion><year>2011</year><description>Spacious ranch house with sprawling land and horse facilities.</description><feeds></feeds></property_information><property_pricing><listed_as></listed_as><sale_price>3000000</sale_price><percentage></percentage><commission></commission><net_price>3000000</net_price><list_agent_per></list_agent_per><list_agent_com></list_agent_com><sell_agent_per></sell_agent_per><sell_agent_com></sell_agent_com><valuation></valuation><valuation_year></valuation_year><deed_value></deed_value><minimum_price></minimum_price><community_fees></community_fees><garbage_tax></garbage_tax><ibi_fees></ibi_fees><commission_notes></commission_notes></property_pricing><property_location><street_number></street_number><street_name></street_name><city></city><state></state><country></country><postcode>29006</postcode><address>19 Avenida de Andalucía, Málaga, 29006, Spain</address></property_location><property_dimensions><dimension_type></dimension_type><total_size></total_size><floor_no></floor_no><built></built><storeys></storeys><no_of_properties_bultin></no_of_properties_bultin><terrace></terrace><levels></levels><agency_ref></agency_ref><garden></garden><int_floor_space></int_floor_space><co2_emissions></co2_emissions><letter_emission></letter_emission><energy_consumption></energy_consumption><letter_consumption></letter_consumption></property_dimensions><document_info><file></file><long_term_ref></long_term_ref><rental_license_ref></rental_license_ref><nota_simple></nota_simple><ibi_receipt></ibi_receipt><first_occupancy_license_aFO></first_occupancy_license_aFO></document_info><company_info><company_name></company_name><company_email></company_email><company_mobile></company_mobile><tax_number></tax_number><company_website></company_website><company_address></company_address></company_info><property_media_tour><cover_image></cover_image><properties_images></properties_images><virtual_tour></virtual_tour><video_tour></video_tour></property_media_tour><property_feature><settings></settings><orientation></orientation><condition></condition><pool></pool><climate_control></climate_control><views></views><features></features><furniture></furniture><kitchen></kitchen><garden></garden><security></security><parking></parking><utilities></utilities><category></category></property_feature><contact_information><owner_one></owner_one><owner_two></owner_two><Key_holder></Key_holder><developer></developer><key_status></key_status><Key_id></Key_id><key_details></key_details><private_note></private_note><lawyer></lawyer></contact_information><open_for_collabration><To_Collabrate></To_Collabrate></open_for_collabration></property><property><property_information><id>44</id><property_type></property_type><situation></situation><sub_type></sub_type><property_refrence>BH-2406</property_refrence><name>Seabreeze Beach House</name><bedrooms>5</bedrooms><bathrooms></bathrooms><status_completion></status_completion><year>2022</year><description>Luxurious beach house with direct access to the sandy shores.</description><feeds></feeds></property_information><property_pricing><listed_as></listed_as><sale_price>3000000</sale_price><percentage></percentage><commission></commission><net_price>3000000</net_price><list_agent_per></list_agent_per><list_agent_com></list_agent_com><sell_agent_per></sell_agent_per><sell_agent_com></sell_agent_com><valuation></valuation><valuation_year></valuation_year><deed_value></deed_value><minimum_price></minimum_price><community_fees></community_fees><garbage_tax></garbage_tax><ibi_fees></ibi_fees><commission_notes></commission_notes></property_pricing><property_location><street_number></street_number><street_name></street_name><city></city><state></state><country></country><postcode>29006</postcode><address>19 Avenida de Andalucía, Málaga, 29006, Spain</address></property_location><property_dimensions><dimension_type></dimension_type><total_size></total_size><floor_no></floor_no><built></built><storeys></storeys><no_of_properties_bultin></no_of_properties_bultin><terrace></terrace><levels></levels><agency_ref></agency_ref><garden></garden><int_floor_space></int_floor_space><co2_emissions></co2_emissions><letter_emission></letter_emission><energy_consumption></energy_consumption><letter_consumption></letter_consumption></property_dimensions><document_info><file></file><long_term_ref></long_term_ref><rental_license_ref></rental_license_ref><nota_simple></nota_simple><ibi_receipt></ibi_receipt><first_occupancy_license_aFO></first_occupancy_license_aFO></document_info><company_info><company_name></company_name><company_email></company_email><company_mobile></company_mobile><tax_number></tax_number><company_website></company_website><company_address></company_address></company_info><property_media_tour><cover_image></cover_image><properties_images></properties_images><virtual_tour></virtual_tour><video_tour></video_tour></property_media_tour><property_feature><settings></settings><orientation></orientation><condition></condition><pool></pool><climate_control></climate_control><views></views><features></features><furniture></furniture><kitchen></kitchen><garden></garden><security></security><parking></parking><utilities></utilities><category></category></property_feature><contact_information><owner_one></owner_one><owner_two></owner_two><Key_holder></Key_holder><developer></developer><key_status></key_status><Key_id></Key_id><key_details></key_details><private_note></private_note><lawyer></lawyer></contact_information><open_for_collabration><To_Collabrate></To_Collabrate></open_for_collabration></property><property><property_information><id>49</id><property_type></property_type><situation></situation><sub_type></sub_type><property_refrence>FA-2911</property_refrence><name>Haven Family Apartment</name><bedrooms>3</bedrooms><bathrooms></bathrooms><status_completion></status_completion><year>2021</year><description>Family-friendly apartment in a quiet suburb with spacious living areas.</description><feeds></feeds></property_information><property_pricing><listed_as></listed_as><sale_price>3000000</sale_price><percentage></percentage><commission></commission><net_price>3000000</net_price><list_agent_per></list_agent_per><list_agent_com></list_agent_com><sell_agent_per></sell_agent_per><sell_agent_com></sell_agent_com><valuation></valuation><valuation_year></valuation_year><deed_value></deed_value><minimum_price></minimum_price><community_fees></community_fees><garbage_tax></garbage_tax><ibi_fees></ibi_fees><commission_notes></commission_notes></property_pricing><property_location><street_number></street_number><street_name></street_name><city></city><state></state><country></country><postcode>29006</postcode><address>19 Avenida de Andalucía, Málaga, 29006, Spain</address></property_location><property_dimensions><dimension_type></dimension_type><total_size></total_size><floor_no></floor_no><built></built><storeys></storeys><no_of_properties_bultin></no_of_properties_bultin><terrace></terrace><levels></levels><agency_ref></agency_ref><garden></garden><int_floor_space></int_floor_space><co2_emissions></co2_emissions><letter_emission></letter_emission><energy_consumption></energy_consumption><letter_consumption></letter_consumption></property_dimensions><document_info><file></file><long_term_ref></long_term_ref><rental_license_ref></rental_license_ref><nota_simple></nota_simple><ibi_receipt></ibi_receipt><first_occupancy_license_aFO></first_occupancy_license_aFO></document_info><company_info><company_name></company_name><company_email></company_email><company_mobile></company_mobile><tax_number></tax_number><company_website></company_website><company_address></company_address></company_info><property_media_tour><cover_image></cover_image><properties_images></properties_images><virtual_tour></virtual_tour><video_tour></video_tour></property_media_tour><property_feature><settings></settings><orientation></orientation><condition></condition><pool></pool><climate_control></climate_control><views></views><features></features><furniture></furniture><kitchen></kitchen><garden></garden><security></security><parking></parking><utilities></utilities><category></category></property_feature><contact_information><owner_one></owner_one><owner_two></owner_two><Key_holder></Key_holder><developer></developer><key_status></key_status><Key_id></Key_id><key_details></key_details><private_note></private_note><lawyer></lawyer></contact_information><open_for_collabration><To_Collabrate></To_Collabrate></open_for_collabration></property><property><property_information><id>50</id><property_type></property_type><situation></situation><sub_type></sub_type><property_refrence>LH-3012</property_refrence><name>Tranquil Lake Retreat</name><bedrooms>4</bedrooms><bathrooms></bathrooms><status_completion></status_completion><year>2018</year><description>Serene lake house with stunning views and outdoor living space.</description><feeds></feeds></property_information><property_pricing><listed_as></listed_as><sale_price>3000000</sale_price><percentage></percentage><commission></commission><net_price>3000000</net_price><list_agent_per></list_agent_per><list_agent_com></list_agent_com><sell_agent_per></sell_agent_per><sell_agent_com></sell_agent_com><valuation></valuation><valuation_year></valuation_year><deed_value></deed_value><minimum_price></minimum_price><community_fees></community_fees><garbage_tax></garbage_tax><ibi_fees></ibi_fees><commission_notes></commission_notes></property_pricing><property_location><street_number></street_number><street_name></street_name><city></city><state></state><country></country><postcode>29006</postcode><address>19 Avenida de Andalucía, Málaga, 29006, Spain</address></property_location><property_dimensions><dimension_type></dimension_type><total_size></total_size><floor_no></floor_no><built></built><storeys></storeys><no_of_properties_bultin></no_of_properties_bultin><terrace></terrace><levels></levels><agency_ref></agency_ref><garden></garden><int_floor_space></int_floor_space><co2_emissions></co2_emissions><letter_emission></letter_emission><energy_consumption></energy_consumption><letter_consumption></letter_consumption></property_dimensions><document_info><file></file><long_term_ref></long_term_ref><rental_license_ref></rental_license_ref><nota_simple></nota_simple><ibi_receipt></ibi_receipt><first_occupancy_license_aFO></first_occupancy_license_aFO></document_info><company_info><company_name></company_name><company_email></company_email><company_mobile></company_mobile><tax_number></tax_number><company_website></company_website><company_address></company_address></company_info><property_media_tour><cover_image></cover_image><properties_images></properties_images><virtual_tour></virtual_tour><video_tour></video_tour></property_media_tour><property_feature><settings></settings><orientation></orientation><condition></condition><pool></pool><climate_control></climate_control><views></views><features></features><furniture></furniture><kitchen></kitchen><garden></garden><security></security><parking></parking><utilities></utilities><category></category></property_feature><contact_information><owner_one></owner_one><owner_two></owner_two><Key_holder></Key_holder><developer></developer><key_status></key_status><Key_id></Key_id><key_details></key_details><private_note></private_note><lawyer></lawyer></contact_information><open_for_collabration><To_Collabrate></To_Collabrate></open_for_collabration></property><property><property_information><id>45</id><property_type></property_type><situation></situation><sub_type></sub_type><property_refrence>HRA-2507</property_refrence><name>Skyview High-Rise</name><bedrooms>3</bedrooms><bathrooms></bathrooms><status_completion></status_completion><year>2025</year><description>Contemporary high-rise apartment with stunning city views.</description><feeds></feeds></property_information><property_pricing><listed_as></listed_as><sale_price>3000000</sale_price><percentage></percentage><commission></commission><net_price>3000000</net_price><list_agent_per></list_agent_per><list_agent_com></list_agent_com><sell_agent_per></sell_agent_per><sell_agent_com></sell_agent_com><valuation></valuation><valuation_year></valuation_year><deed_value></deed_value><minimum_price></minimum_price><community_fees></community_fees><garbage_tax></garbage_tax><ibi_fees></ibi_fees><commission_notes></commission_notes></property_pricing><property_location><street_number></street_number><street_name></street_name><city></city><state></state><country></country><postcode>29006</postcode><address>19 Avenida de Andalucía, Málaga, 29006, Spain</address></property_location><property_dimensions><dimension_type></dimension_type><total_size></total_size><floor_no></floor_no><built></built><storeys></storeys><no_of_properties_bultin></no_of_properties_bultin><terrace></terrace><levels></levels><agency_ref></agency_ref><garden></garden><int_floor_space></int_floor_space><co2_emissions></co2_emissions><letter_emission></letter_emission><energy_consumption></energy_consumption><letter_consumption></letter_consumption></property_dimensions><document_info><file></file><long_term_ref></long_term_ref><rental_license_ref></rental_license_ref><nota_simple></nota_simple><ibi_receipt></ibi_receipt><first_occupancy_license_aFO></first_occupancy_license_aFO></document_info><company_info><company_name></company_name><company_email></company_email><company_mobile></company_mobile><tax_number></tax_number><company_website></company_website><company_address></company_address></company_info><property_media_tour><cover_image></cover_image><properties_images></properties_images><virtual_tour></virtual_tour><video_tour></video_tour></property_media_tour><property_feature><settings></settings><orientation></orientation><condition></condition><pool></pool><climate_control></climate_control><views></views><features></features><furniture></furniture><kitchen></kitchen><garden></garden><security></security><parking></parking><utilities></utilities><category></category></property_feature><contact_information><owner_one></owner_one><owner_two></owner_two><Key_holder></Key_holder><developer></developer><key_status></key_status><Key_id></Key_id><key_details></key_details><private_note></private_note><lawyer></lawyer></contact_information><open_for_collabration><To_Collabrate></To_Collabrate></open_for_collabration></property><property><property_information><id>48</id><property_type></property_type><situation></situation><sub_type></sub_type><property_refrence>CH-2810</property_refrence><name>Urban Oasis</name><bedrooms>3</bedrooms><bathrooms></bathrooms><status_completion></status_completion><year>2020</year><description>Stylish contemporary house with eco-friendly features.</description><feeds></feeds></property_information><property_pricing><listed_as></listed_as><sale_price>3000000</sale_price><percentage></percentage><commission></commission><net_price>3000000</net_price><list_agent_per></list_agent_per><list_agent_com></list_agent_com><sell_agent_per></sell_agent_per><sell_agent_com></sell_agent_com><valuation></valuation><valuation_year></valuation_year><deed_value></deed_value><minimum_price></minimum_price><community_fees></community_fees><garbage_tax></garbage_tax><ibi_fees></ibi_fees><commission_notes></commission_notes></property_pricing><property_location><street_number></street_number><street_name></street_name><city></city><state></state><country></country><postcode>29006</postcode><address>19 Avenida de Andalucía, Málaga, 29006, Spain</address></property_location><property_dimensions><dimension_type></dimension_type><total_size></total_size><floor_no></floor_no><built></built><storeys></storeys><no_of_properties_bultin></no_of_properties_bultin><terrace></terrace><levels></levels><agency_ref></agency_ref><garden></garden><int_floor_space></int_floor_space><co2_emissions></co2_emissions><letter_emission></letter_emission><energy_consumption></energy_consumption><letter_consumption></letter_consumption></property_dimensions><document_info><file></file><long_term_ref></long_term_ref><rental_license_ref></rental_license_ref><nota_simple></nota_simple><ibi_receipt></ibi_receipt><first_occupancy_license_aFO></first_occupancy_license_aFO></document_info><company_info><company_name></company_name><company_email></company_email><company_mobile></company_mobile><tax_number></tax_number><company_website></company_website><company_address></company_address></company_info><property_media_tour><cover_image></cover_image><properties_images></properties_images><virtual_tour></virtual_tour><video_tour></video_tour></property_media_tour><property_feature><settings></settings><orientation></orientation><condition></condition><pool></pool><climate_control></climate_control><views></views><features></features><furniture></furniture><kitchen></kitchen><garden></garden><security></security><parking></parking><utilities></utilities><category></category></property_feature><contact_information><owner_one></owner_one><owner_two></owner_two><Key_holder></Key_holder><developer></developer><key_status></key_status><Key_id></Key_id><key_details></key_details><private_note></private_note><lawyer></lawyer></contact_information><open_for_collabration><To_Collabrate></To_Collabrate></open_for_collabration></property><property><property_information><id>41</id><property_type></property_type><situation></situation><sub_type></sub_type><property_refrence>VH-2103</property_refrence><name>Rosewood Victorian</name><bedrooms>4</bedrooms><bathrooms></bathrooms><status_completion></status_completion><year>2019</year><description>Charming Victorian house with original details and modern upgrades.</description><feeds></feeds></property_information><property_pricing><listed_as></listed_as><sale_price>3000000</sale_price><percentage></percentage><commission></commission><net_price>3000000</net_price><list_agent_per></list_agent_per><list_agent_com></list_agent_com><sell_agent_per></sell_agent_per><sell_agent_com></sell_agent_com><valuation></valuation><valuation_year></valuation_year><deed_value></deed_value><minimum_price></minimum_price><community_fees></community_fees><garbage_tax></garbage_tax><ibi_fees></ibi_fees><commission_notes></commission_notes></property_pricing><property_location><street_number></street_number><street_name></street_name><city></city><state></state><country></country><postcode>29006</postcode><address>19 Avenida de Andalucía, Málaga, 29006, Spain</address></property_location><property_dimensions><dimension_type></dimension_type><total_size></total_size><floor_no></floor_no><built></built><storeys></storeys><no_of_properties_bultin></no_of_properties_bultin><terrace></terrace><levels></levels><agency_ref></agency_ref><garden></garden><int_floor_space></int_floor_space><co2_emissions></co2_emissions><letter_emission></letter_emission><energy_consumption></energy_consumption><letter_consumption></letter_consumption></property_dimensions><document_info><file></file><long_term_ref></long_term_ref><rental_license_ref></rental_license_ref><nota_simple></nota_simple><ibi_receipt></ibi_receipt><first_occupancy_license_aFO></first_occupancy_license_aFO></document_info><company_info><company_name></company_name><company_email></company_email><company_mobile></company_mobile><tax_number></tax_number><company_website></company_website><company_address></company_address></company_info><property_media_tour><cover_image></cover_image><properties_images></properties_images><virtual_tour></virtual_tour><video_tour></video_tour></property_media_tour><property_feature><settings></settings><orientation></orientation><condition></condition><pool></pool><climate_control></climate_control><views></views><features></features><furniture></furniture><kitchen></kitchen><garden></garden><security></security><parking></parking><utilities></utilities><category></category></property_feature><contact_information><owner_one></owner_one><owner_two></owner_two><Key_holder></Key_holder><developer></developer><key_status></key_status><Key_id></Key_id><key_details></key_details><private_note></private_note><lawyer></lawyer></contact_information><open_for_collabration><To_Collabrate></To_Collabrate></open_for_collabration></property><property><property_information><id>42</id><property_type></property_type><situation></situation><sub_type></sub_type><property_refrence>GA-2204</property_refrence><name>Sunnydale Garden Apartment</name><bedrooms>2</bedrooms><bathrooms></bathrooms><status_completion></status_completion><year>2023</year><description>Bright apartment with a private garden, perfect for families.</description><feeds></feeds></property_information><property_pricing><listed_as></listed_as><sale_price>3000000</sale_price><percentage></percentage><commission></commission><net_price>3000000</net_price><list_agent_per></list_agent_per><list_agent_com></list_agent_com><sell_agent_per></sell_agent_per><sell_agent_com></sell_agent_com><valuation></valuation><valuation_year></valuation_year><deed_value></deed_value><minimum_price></minimum_price><community_fees></community_fees><garbage_tax></garbage_tax><ibi_fees></ibi_fees><commission_notes></commission_notes></property_pricing><property_location><street_number></street_number><street_name></street_name><city></city><state></state><country></country><postcode>29006</postcode><address>19 Avenida de Andalucía, Málaga, 29006, Spain</address></property_location><property_dimensions><dimension_type></dimension_type><total_size></total_size><floor_no></floor_no><built></built><storeys></storeys><no_of_properties_bultin></no_of_properties_bultin><terrace></terrace><levels></levels><agency_ref></agency_ref><garden></garden><int_floor_space></int_floor_space><co2_emissions></co2_emissions><letter_emission></letter_emission><energy_consumption></energy_consumption><letter_consumption></letter_consumption></property_dimensions><document_info><file></file><long_term_ref></long_term_ref><rental_license_ref></rental_license_ref><nota_simple></nota_simple><ibi_receipt></ibi_receipt><first_occupancy_license_aFO></first_occupancy_license_aFO></document_info><company_info><company_name></company_name><company_email></company_email><company_mobile></company_mobile><tax_number></tax_number><company_website></company_website><company_address></company_address></company_info><property_media_tour><cover_image></cover_image><properties_images></properties_images><virtual_tour></virtual_tour><video_tour></video_tour></property_media_tour><property_feature><settings></settings><orientation></orientation><condition></condition><pool></pool><climate_control></climate_control><views></views><features></features><furniture></furniture><kitchen></kitchen><garden></garden><security></security><parking></parking><utilities></utilities><category></category></property_feature><contact_information><owner_one></owner_one><owner_two></owner_two><Key_holder></Key_holder><developer></developer><key_status></key_status><Key_id></Key_id><key_details></key_details><private_note></private_note><lawyer></lawyer></contact_information><open_for_collabration><To_Collabrate></To_Collabrate></open_for_collabration></property></properties></feed>