<?xml version="1.0" encoding="UTF-8"?><feed><pagination><page>4</page><per_page>10</per_page><total_pages>24</total_pages><total_items>232</total_items></pagination><properties><property><property_information><id>8</id><property_type></property_type><situation></situation><sub_type></sub_type><property_refrence>SC-09</property_refrence><name>Alpine Ski house</name><bedrooms>4</bedrooms><bathrooms>3</bathrooms><status_completion></status_completion><year>2018</year><description>Charming alpine house located near popular ski resorts with breathtaking mountain views.</description><feeds></feeds></property_information><property_pricing><listed_as></listed_as><sale_price>1200</sale_price><percentage></percentage><commission></commission><net_price>1200</net_price><list_agent_per></list_agent_per><list_agent_com></list_agent_com><sell_agent_per></sell_agent_per><sell_agent_com></sell_agent_com><valuation></valuation><valuation_year></valuation_year><deed_value></deed_value><minimum_price></minimum_price><community_fees></community_fees><garbage_tax></garbage_tax><ibi_fees></ibi_fees><commission_notes></commission_notes></property_pricing><property_location><street_number></street_number><street_name></street_name><city></city><state></state><country></country><postcode>18001</postcode><address>C/Las Nieves 10, Ski Resort Village, 18001 Granada, Spain</address></property_location><property_dimensions><dimension_type></dimension_type><total_size></total_size><floor_no></floor_no><built></built><storeys></storeys><no_of_properties_bultin></no_of_properties_bultin><terrace></terrace><levels></levels><agency_ref></agency_ref><garden></garden><int_floor_space></int_floor_space><co2_emissions></co2_emissions><letter_emission></letter_emission><energy_consumption></energy_consumption><letter_consumption></letter_consumption></property_dimensions><document_info><file></file><long_term_ref></long_term_ref><rental_license_ref></rental_license_ref><nota_simple></nota_simple><ibi_receipt></ibi_receipt><first_occupancy_license_aFO></first_occupancy_license_aFO></document_info><company_info><company_name></company_name><company_email></company_email><company_mobile></company_mobile><tax_number></tax_number><company_website></company_website><company_address></company_address></company_info><property_media_tour><cover_image></cover_image><properties_images></properties_images><virtual_tour></virtual_tour><video_tour></video_tour></property_media_tour><property_feature><settings></settings><orientation></orientation><condition></condition><pool></pool><climate_control></climate_control><views></views><features></features><furniture></furniture><kitchen></kitchen><garden></garden><security></security><parking></parking><utilities></utilities><category></category></property_feature><contact_information><owner_one></owner_one><owner_two></owner_two><Key_holder></Key_holder><developer></developer><key_status></key_status><Key_id></Key_id><key_details></key_details><private_note></private_note><lawyer></lawyer></contact_information><open_for_collabration><To_Collabrate></To_Collabrate></open_for_collabration></property><property><property_information><id>5</id><property_type></property_type><situation></situation><sub_type></sub_type><property_refrence>LO-100</property_refrence><name>Modern City Loft</name><bedrooms>2</bedrooms><bathrooms>1</bathrooms><status_completion></status_completion><year>09/2025</year><description>A sleek, modern loft in the heart of the city, perfect for urban living.</description><feeds></feeds></property_information><property_pricing><listed_as></listed_as><sale_price>4000</sale_price><percentage></percentage><commission></commission><net_price>4000</net_price><list_agent_per></list_agent_per><list_agent_com></list_agent_com><sell_agent_per></sell_agent_per><sell_agent_com></sell_agent_com><valuation></valuation><valuation_year></valuation_year><deed_value></deed_value><minimum_price></minimum_price><community_fees></community_fees><garbage_tax></garbage_tax><ibi_fees></ibi_fees><commission_notes></commission_notes></property_pricing><property_location><street_number></street_number><street_name></street_name><city></city><state></state><country></country><postcode>08010</postcode><address>C/Gran Via 12, City Loft Tower, 08010, Barcelona, Catalonia, Spain</address></property_location><property_dimensions><dimension_type></dimension_type><total_size></total_size><floor_no></floor_no><built></built><storeys></storeys><no_of_properties_bultin></no_of_properties_bultin><terrace></terrace><levels></levels><agency_ref></agency_ref><garden></garden><int_floor_space></int_floor_space><co2_emissions></co2_emissions><letter_emission></letter_emission><energy_consumption></energy_consumption><letter_consumption></letter_consumption></property_dimensions><document_info><file></file><long_term_ref></long_term_ref><rental_license_ref></rental_license_ref><nota_simple></nota_simple><ibi_receipt></ibi_receipt><first_occupancy_license_aFO></first_occupancy_license_aFO></document_info><company_info><company_name></company_name><company_email></company_email><company_mobile></company_mobile><tax_number></tax_number><company_website></company_website><company_address></company_address></company_info><property_media_tour><cover_image></cover_image><properties_images></properties_images><virtual_tour></virtual_tour><video_tour></video_tour></property_media_tour><property_feature><settings></settings><orientation></orientation><condition></condition><pool></pool><climate_control></climate_control><views></views><features></features><furniture></furniture><kitchen></kitchen><garden></garden><security></security><parking></parking><utilities></utilities><category></category></property_feature><contact_information><owner_one></owner_one><owner_two></owner_two><Key_holder></Key_holder><developer></developer><key_status></key_status><Key_id></Key_id><key_details></key_details><private_note></private_note><lawyer></lawyer></contact_information><open_for_collabration><To_Collabrate></To_Collabrate></open_for_collabration></property><property><property_information><id>1</id><property_type></property_type><situation></situation><sub_type></sub_type><property_refrence>DJ-09x</property_refrence><name>test case</name><bedrooms>3</bedrooms><bathrooms>2</bathrooms><status_completion></status_completion><year>2023</year><description>Lorem Ipsum is simply dummy text of the printing and typesetting industry. Lorem Ipsum has been the industrys standard dummy text ever since the 1500s</description><feeds></feeds></property_information><property_pricing><listed_as></listed_as><sale_price>135999</sale_price><percentage></percentage><commission></commission><net_price>135999</net_price><list_agent_per></list_agent_per><list_agent_com></list_agent_com><sell_agent_per></sell_agent_per><sell_agent_com></sell_agent_com><valuation></valuation><valuation_year></valuation_year><deed_value></deed_value><minimum_price></minimum_price><community_fees></community_fees><garbage_tax></garbage_tax><ibi_fees></ibi_fees><commission_notes></commission_notes></property_pricing><property_location><street_number></street_number><street_name></street_name><city></city><state></state><country></country><postcode></postcode><address>C/Conde de Xiquena 7, 3º, 1A Izda, 280280, Madrid,Spain</address></property_location><property_dimensions><dimension_type></dimension_type><total_size></total_size><floor_no></floor_no><built></built><storeys></storeys><no_of_properties_bultin></no_of_properties_bultin><terrace></terrace><levels></levels><agency_ref></agency_ref><garden></garden><int_floor_space></int_floor_space><co2_emissions></co2_emissions><letter_emission></letter_emission><energy_consumption></energy_consumption><letter_consumption></letter_consumption></property_dimensions><document_info><file></file><long_term_ref></long_term_ref><rental_license_ref></rental_license_ref><nota_simple></nota_simple><ibi_receipt></ibi_receipt><first_occupancy_license_aFO></first_occupancy_license_aFO></document_info><company_info><company_name></company_name><company_email></company_email><company_mobile></company_mobile><tax_number></tax_number><company_website></company_website><company_address></company_address></company_info><property_media_tour><cover_image></cover_image><properties_images></properties_images><virtual_tour></virtual_tour><video_tour></video_tour></property_media_tour><property_feature><settings></settings><orientation></orientation><condition></condition><pool></pool><climate_control></climate_control><views></views><features></features><furniture></furniture><kitchen></kitchen><garden></garden><security></security><parking></parking><utilities></utilities><category></category></property_feature><contact_information><owner_one></owner_one><owner_two></owner_two><Key_holder></Key_holder><developer></developer><key_status></key_status><Key_id></Key_id><key_details></key_details><private_note></private_note><lawyer></lawyer></contact_information><open_for_collabration><To_Collabrate></To_Collabrate></open_for_collabration></property><property><property_information><id>2</id><property_type></property_type><situation></situation><sub_type></sub_type><property_refrence>LV-22y</property_refrence><name>Elegant Retreat</name><bedrooms></bedrooms><bathrooms></bathrooms><status_completion></status_completion><year>2026</year><description>An exquisite villa in the serene countryside with luxurious features and panoramic views.</description><feeds></feeds></property_information><property_pricing><listed_as></listed_as><sale_price>850000</sale_price><percentage></percentage><commission></commission><net_price>850000</net_price><list_agent_per></list_agent_per><list_agent_com></list_agent_com><sell_agent_per></sell_agent_per><sell_agent_com></sell_agent_com><valuation></valuation><valuation_year></valuation_year><deed_value></deed_value><minimum_price></minimum_price><community_fees></community_fees><garbage_tax></garbage_tax><ibi_fees></ibi_fees><commission_notes></commission_notes></property_pricing><property_location><street_number></street_number><street_name></street_name><city></city><state></state><country></country><postcode>40001</postcode><address>C/El Retiro 15, Villa de la Paz, 40001, Segovia, Castilla y León, Spain</address></property_location><property_dimensions><dimension_type></dimension_type><total_size></total_size><floor_no></floor_no><built></built><storeys></storeys><no_of_properties_bultin></no_of_properties_bultin><terrace></terrace><levels></levels><agency_ref></agency_ref><garden></garden><int_floor_space></int_floor_space><co2_emissions></co2_emissions><letter_emission></letter_emission><energy_consumption></energy_consumption><letter_consumption></letter_consumption></property_dimensions><document_info><file></file><long_term_ref></long_term_ref><rental_license_ref></rental_license_ref><nota_simple></nota_simple><ibi_receipt></ibi_receipt><first_occupancy_license_aFO></first_occupancy_license_aFO></document_info><company_info><company_name></company_name><company_email></company_email><company_mobile></company_mobile><tax_number></tax_number><company_website></company_website><company_address></company_address></company_info><property_media_tour><cover_image></cover_image><properties_images></properties_images><virtual_tour></virtual_tour><video_tour></video_tour></property_media_tour><property_feature><settings></settings><orientation></orientation><condition></condition><pool></pool><climate_control></climate_control><views></views><features></features><furniture></furniture><kitchen></kitchen><garden></garden><security></security><parking></parking><utilities></utilities><category></category></property_feature><contact_information><owner_one></owner_one><owner_two></owner_two><Key_holder></Key_holder><developer></developer><key_status></key_status><Key_id></Key_id><key_details></key_details><private_note></private_note><lawyer></lawyer></contact_information><open_for_collabration><To_Collabrate></To_Collabrate></open_for_collabration></property><property><property_information><id>31</id><property_type></property_type><situation></situation><sub_type></sub_type><property_refrence>TH-13z</property_refrence><name>City Center Residence</name><bedrooms>4</bedrooms><bathrooms>3</bathrooms><status_completion></status_completion><year>2025</year><description>Stylish townhouse located in the heart of the city with contemporary amenities and easy access to public transport.</description><feeds></feeds></property_information><property_pricing><listed_as></listed_as><sale_price>550000</sale_price><percentage></percentage><commission></commission><net_price>550000</net_price><list_agent_per></list_agent_per><list_agent_com></list_agent_com><sell_agent_per></sell_agent_per><sell_agent_com></sell_agent_com><valuation></valuation><valuation_year></valuation_year><deed_value></deed_value><minimum_price></minimum_price><community_fees></community_fees><garbage_tax></garbage_tax><ibi_fees></ibi_fees><commission_notes></commission_notes></property_pricing><property_location><street_number></street_number><street_name></street_name><city></city><state></state><country></country><postcode>800198</postcode><address>C/Mayor 20, Centro Urbano, 08001, Barcelona, Catalonia, Spain</address></property_location><property_dimensions><dimension_type></dimension_type><total_size></total_size><floor_no></floor_no><built></built><storeys></storeys><no_of_properties_bultin></no_of_properties_bultin><terrace></terrace><levels></levels><agency_ref></agency_ref><garden></garden><int_floor_space></int_floor_space><co2_emissions></co2_emissions><letter_emission></letter_emission><energy_consumption></energy_consumption><letter_consumption></letter_consumption></property_dimensions><document_info><file></file><long_term_ref></long_term_ref><rental_license_ref></rental_license_ref><nota_simple></nota_simple><ibi_receipt></ibi_receipt><first_occupancy_license_aFO></first_occupancy_license_aFO></document_info><company_info><company_name></company_name><company_email></company_email><company_mobile></company_mobile><tax_number></tax_number><company_website></company_website><company_address></company_address></company_info><property_media_tour><cover_image></cover_image><properties_images></properties_images><virtual_tour></virtual_tour><video_tour></video_tour></property_media_tour><property_feature><settings></settings><orientation></orientation><condition></condition><pool></pool><climate_control></climate_control><views></views><features></features><furniture></furniture><kitchen></kitchen><garden></garden><security></security><parking></parking><utilities></utilities><category></category></property_feature><contact_information><owner_one></owner_one><owner_two></owner_two><Key_holder></Key_holder><developer></developer><key_status></key_status><Key_id></Key_id><key_details></key_details><private_note></private_note><lawyer></lawyer></contact_information><open_for_collabration><To_Collabrate></To_Collabrate></open_for_collabration></property><property><property_information><id>4</id><property_type></property_type><situation></situation><sub_type></sub_type><property_refrence>PH-25x</property_refrence><name>Skyline Penthouse</name><bedrooms>3</bedrooms><bathrooms>2</bathrooms><status_completion></status_completion><year>2021</year><description>Exclusive penthouse with stunning skyline views, modern design, and luxury amenities.</description><feeds></feeds></property_information><property_pricing><listed_as></listed_as><sale_price>12000</sale_price><percentage></percentage><commission></commission><net_price>12000</net_price><list_agent_per></list_agent_per><list_agent_com></list_agent_com><sell_agent_per></sell_agent_per><sell_agent_com></sell_agent_com><valuation></valuation><valuation_year></valuation_year><deed_value></deed_value><minimum_price></minimum_price><community_fees></community_fees><garbage_tax></garbage_tax><ibi_fees></ibi_fees><commission_notes></commission_notes></property_pricing><property_location><street_number></street_number><street_name></street_name><city></city><state></state><country></country><postcode>28046</postcode><address>C/Paseo de la Castellana 250, Penthouse Tower, 28046, Madrid, Madrid, Spain</address></property_location><property_dimensions><dimension_type></dimension_type><total_size></total_size><floor_no></floor_no><built></built><storeys></storeys><no_of_properties_bultin></no_of_properties_bultin><terrace></terrace><levels></levels><agency_ref></agency_ref><garden></garden><int_floor_space></int_floor_space><co2_emissions></co2_emissions><letter_emission></letter_emission><energy_consumption></energy_consumption><letter_consumption></letter_consumption></property_dimensions><document_info><file></file><long_term_ref></long_term_ref><rental_license_ref></rental_license_ref><nota_simple></nota_simple><ibi_receipt></ibi_receipt><first_occupancy_license_aFO></first_occupancy_license_aFO></document_info><company_info><company_name></company_name><company_email></company_email><company_mobile></company_mobile><tax_number></tax_number><company_website></company_website><company_address></company_address></company_info><property_media_tour><cover_image></cover_image><properties_images></properties_images><virtual_tour></virtual_tour><video_tour></video_tour></property_media_tour><property_feature><settings></settings><orientation></orientation><condition></condition><pool></pool><climate_control></climate_control><views></views><features></features><furniture></furniture><kitchen></kitchen><garden></garden><security></security><parking></parking><utilities></utilities><category></category></property_feature><contact_information><owner_one></owner_one><owner_two></owner_two><Key_holder></Key_holder><developer></developer><key_status></key_status><Key_id></Key_id><key_details></key_details><private_note></private_note><lawyer></lawyer></contact_information><open_for_collabration><To_Collabrate></To_Collabrate></open_for_collabration></property><property><property_information><id>32</id><property_type></property_type><situation></situation><sub_type></sub_type><property_refrence>BV-30</property_refrence><name>Sunset house</name><bedrooms>5</bedrooms><bathrooms>4</bathrooms><status_completion>Completed</status_completion><year>2020</year><description>Stunning beachfront villa with direct access to the sea and panoramic ocean views.</description><feeds></feeds></property_information><property_pricing><listed_as></listed_as><sale_price>3000000</sale_price><percentage></percentage><commission></commission><net_price>3000000</net_price><list_agent_per></list_agent_per><list_agent_com></list_agent_com><sell_agent_per></sell_agent_per><sell_agent_com></sell_agent_com><valuation></valuation><valuation_year></valuation_year><deed_value></deed_value><minimum_price></minimum_price><community_fees></community_fees><garbage_tax></garbage_tax><ibi_fees></ibi_fees><commission_notes></commission_notes></property_pricing><property_location><street_number></street_number><street_name></street_name><city></city><state></state><country></country><postcode>29015</postcode><address>Avenida del Mar 30, Beachfront Road, 29015 Malaga, Andalusia, Spain</address></property_location><property_dimensions><dimension_type></dimension_type><total_size></total_size><floor_no></floor_no><built></built><storeys></storeys><no_of_properties_bultin></no_of_properties_bultin><terrace></terrace><levels></levels><agency_ref></agency_ref><garden></garden><int_floor_space></int_floor_space><co2_emissions></co2_emissions><letter_emission></letter_emission><energy_consumption></energy_consumption><letter_consumption></letter_consumption></property_dimensions><document_info><file></file><long_term_ref></long_term_ref><rental_license_ref></rental_license_ref><nota_simple></nota_simple><ibi_receipt></ibi_receipt><first_occupancy_license_aFO></first_occupancy_license_aFO></document_info><company_info><company_name></company_name><company_email></company_email><company_mobile></company_mobile><tax_number></tax_number><company_website></company_website><company_address></company_address></company_info><property_media_tour><cover_image></cover_image><properties_images></properties_images><virtual_tour></virtual_tour><video_tour></video_tour></property_media_tour><property_feature><settings></settings><orientation></orientation><condition></condition><pool></pool><climate_control></climate_control><views></views><features></features><furniture></furniture><kitchen></kitchen><garden></garden><security></security><parking></parking><utilities></utilities><category></category></property_feature><contact_information><owner_one></owner_one><owner_two></owner_two><Key_holder></Key_holder><developer></developer><key_status></key_status><Key_id></Key_id><key_details></key_details><private_note></private_note><lawyer></lawyer></contact_information><open_for_collabration><To_Collabrate></To_Collabrate></open_for_collabration></property><property><property_information><id>36</id><property_type></property_type><situation></situation><sub_type></sub_type><property_refrence>DH-70</property_refrence><name>Suburban Detached House</name><bedrooms>4</bedrooms><bathrooms>3</bathrooms><status_completion>Completed</status_completion><year>2020</year><description>Spacious suburban house with large backyard and modern amenities.</description><feeds></feeds></property_information><property_pricing><listed_as></listed_as><sale_price>450000</sale_price><percentage></percentage><commission></commission><net_price>450000</net_price><list_agent_per></list_agent_per><list_agent_com></list_agent_com><sell_agent_per></sell_agent_per><sell_agent_com></sell_agent_com><valuation></valuation><valuation_year></valuation_year><deed_value></deed_value><minimum_price></minimum_price><community_fees></community_fees><garbage_tax></garbage_tax><ibi_fees></ibi_fees><commission_notes></commission_notes></property_pricing><property_location><street_number></street_number><street_name></street_name><city></city><state></state><country></country><postcode>46001</postcode><address>C/Periferico 20, Suburban Heights, 46001 Valencia, Spain</address></property_location><property_dimensions><dimension_type></dimension_type><total_size></total_size><floor_no></floor_no><built></built><storeys></storeys><no_of_properties_bultin></no_of_properties_bultin><terrace></terrace><levels></levels><agency_ref></agency_ref><garden></garden><int_floor_space></int_floor_space><co2_emissions></co2_emissions><letter_emission></letter_emission><energy_consumption></energy_consumption><letter_consumption></letter_consumption></property_dimensions><document_info><file></file><long_term_ref></long_term_ref><rental_license_ref></rental_license_ref><nota_simple></nota_simple><ibi_receipt></ibi_receipt><first_occupancy_license_aFO></first_occupancy_license_aFO></document_info><company_info><company_name></company_name><company_email></company_email><company_mobile></company_mobile><tax_number></tax_number><company_website></company_website><company_address></company_address></company_info><property_media_tour><cover_image></cover_image><properties_images></properties_images><virtual_tour></virtual_tour><video_tour></video_tour></property_media_tour><property_feature><settings></settings><orientation></orientation><condition></condition><pool></pool><climate_control></climate_control><views></views><features></features><furniture></furniture><kitchen></kitchen><garden></garden><security></security><parking></parking><utilities></utilities><category></category></property_feature><contact_information><owner_one></owner_one><owner_two></owner_two><Key_holder></Key_holder><developer></developer><key_status></key_status><Key_id></Key_id><key_details></key_details><private_note></private_note><lawyer></lawyer></contact_information><open_for_collabration><To_Collabrate></To_Collabrate></open_for_collabration></property><property><property_information><id>38</id><property_type></property_type><situation></situation><sub_type></sub_type><property_refrence>LA-101</property_refrence><name>Prime City Apartment</name><bedrooms>2</bedrooms><bathrooms>2</bathrooms><status_completion>Under Construction</status_completion><year>2025</year><description>Luxury city apartment in the heart of the business district with high-end amenities.</description><feeds></feeds></property_information><property_pricing><listed_as></listed_as><sale_price>800000</sale_price><percentage></percentage><commission></commission><net_price>800000</net_price><list_agent_per></list_agent_per><list_agent_com></list_agent_com><sell_agent_per></sell_agent_per><sell_agent_com></sell_agent_com><valuation></valuation><valuation_year></valuation_year><deed_value></deed_value><minimum_price></minimum_price><community_fees></community_fees><garbage_tax></garbage_tax><ibi_fees></ibi_fees><commission_notes></commission_notes></property_pricing><property_location><street_number></street_number><street_name></street_name><city></city><state></state><country></country><postcode>08007</postcode><address>Paseo de Gracia 50, Business District, 08007 Barcelona, Catalonia, Spain</address></property_location><property_dimensions><dimension_type></dimension_type><total_size></total_size><floor_no></floor_no><built></built><storeys></storeys><no_of_properties_bultin></no_of_properties_bultin><terrace></terrace><levels></levels><agency_ref></agency_ref><garden></garden><int_floor_space></int_floor_space><co2_emissions></co2_emissions><letter_emission></letter_emission><energy_consumption></energy_consumption><letter_consumption></letter_consumption></property_dimensions><document_info><file></file><long_term_ref></long_term_ref><rental_license_ref></rental_license_ref><nota_simple></nota_simple><ibi_receipt></ibi_receipt><first_occupancy_license_aFO></first_occupancy_license_aFO></document_info><company_info><company_name></company_name><company_email></company_email><company_mobile></company_mobile><tax_number></tax_number><company_website></company_website><company_address></company_address></company_info><property_media_tour><cover_image></cover_image><properties_images></properties_images><virtual_tour></virtual_tour><video_tour></video_tour></property_media_tour><property_feature><settings></settings><orientation></orientation><condition></condition><pool></pool><climate_control></climate_control><views></views><features></features><furniture></furniture><kitchen></kitchen><garden></garden><security></security><parking></parking><utilities></utilities><category></category></property_feature><contact_information><owner_one></owner_one><owner_two></owner_two><Key_holder></Key_holder><developer></developer><key_status></key_status><Key_id></Key_id><key_details></key_details><private_note></private_note><lawyer></lawyer></contact_information><open_for_collabration><To_Collabrate></To_Collabrate></open_for_collabration></property><property><property_information><id>CV-1</id><property_type></property_type><situation></situation><sub_type></sub_type><property_refrence>IMPL17272574518</property_refrence><name></name><bedrooms>0</bedrooms><bathrooms>1</bathrooms><status_completion></status_completion><year>1994</year><description></description><feeds></feeds></property_information><property_pricing><listed_as></listed_as><sale_price>3000000</sale_price><percentage></percentage><commission></commission><net_price>3000000</net_price><list_agent_per></list_agent_per><list_agent_com></list_agent_com><sell_agent_per></sell_agent_per><sell_agent_com></sell_agent_com><valuation></valuation><valuation_year></valuation_year><deed_value></deed_value><minimum_price></minimum_price><community_fees></community_fees><garbage_tax></garbage_tax><ibi_fees></ibi_fees><commission_notes></commission_notes></property_pricing><property_location><street_number></street_number><street_name></street_name><city></city><state></state><country></country><postcode>28016</postcode><address>Plaza Chamartín</address></property_location><property_dimensions><dimension_type>1500</dimension_type><total_size>1500</total_size><floor_no></floor_no><built></built><storeys></storeys><no_of_properties_bultin></no_of_properties_bultin><terrace></terrace><levels></levels><agency_ref></agency_ref><garden></garden><int_floor_space></int_floor_space><co2_emissions></co2_emissions><letter_emission></letter_emission><energy_consumption></energy_consumption><letter_consumption></letter_consumption></property_dimensions><document_info><file></file><long_term_ref></long_term_ref><rental_license_ref></rental_license_ref><nota_simple></nota_simple><ibi_receipt></ibi_receipt><first_occupancy_license_aFO></first_occupancy_license_aFO></document_info><company_info><company_name></company_name><company_email></company_email><company_mobile></company_mobile><tax_number></tax_number><company_website></company_website><company_address></company_address></company_info><property_media_tour><cover_image>13026</cover_image><properties_images>13022</properties_images><virtual_tour></virtual_tour><video_tour>https://www.youtube.com/watch?v=z1olvHdvwr0</video_tour></property_media_tour><property_feature><settings></settings><orientation></orientation><condition></condition><pool></pool><climate_control></climate_control><views></views><features></features><furniture></furniture><kitchen></kitchen><garden></garden><security></security><parking></parking><utilities></utilities><category></category></property_feature><contact_information><owner_one></owner_one><owner_two></owner_two><Key_holder></Key_holder><developer></developer><key_status></key_status><Key_id></Key_id><key_details></key_details><private_note></private_note><lawyer></lawyer></contact_information><open_for_collabration><To_Collabrate></To_Collabrate></open_for_collabration></property></properties></feed>